{
  "rf": {
    "accuracy": 0.9555228610230874,
    "macro_f1": 0.9452531368706508
  },
  "cnn": {
    "accuracy": 0.6528532608695652,
    "macro_f1": 0.5848390481657014
  },
  "delta_cnn_minus_rf": {
    "accuracy": -0.3026696001535222,
    "macro_f1": -0.3604140887049494
  }
}