{
  "rf": {
    "accuracy": 0.9555228610230874,
    "macro_f1": 0.9452531368706508
  },
  "cnn": {
    "accuracy": 0.6530797101449275,
    "macro_f1": 0.5842683207682969
  },
  "delta_cnn_minus_rf": {
    "accuracy": -0.30244315087815987,
    "macro_f1": -0.3609848161023539
  }
}