fs,n,fhr_sentinel_zero_pct,fhr_nan_input_pct,fhr_outliers_pct,fhr_missing_pct,fhr_valid_pct,fhr_max_missing_gap_sec,fhr_remaining_nan_pct,fhr_valid_pct_post,fhr_max_missing_gap_sec_post,interp_filled_pct,interp_max_gap_sec,gauss_sigma_sec,zscore_per_record,fhr_range_bpm,uc_missing_pct,uc_outliers_pct,record_id
4.0,18000,20.477777777777778,0.0,3.0277777777777777,23.505555555555553,76.49444444444444,660.5,19.26666666666667,80.73333333333333,660.5,4.238888888888884,30.0,1.5,False,"[80.0, 240.0]",0.0,0.0,1003
4.0,19200,22.161458333333332,0.0,1.140625,23.302083333333336,76.69791666666667,69.75,14.052083333333334,85.94791666666667,69.75,9.250000000000002,30.0,1.5,False,"[80.0, 240.0]",0.0,0.5,1001
4.0,19200,16.984375,0.0,2.5104166666666665,19.494791666666668,80.50520833333333,84.5,8.166666666666666,91.83333333333333,84.5,11.328125000000002,30.0,1.5,False,"[80.0, 240.0]",0.0,2.166666666666667,1002
4.0,21600,51.648148148148145,0.0,0.6574074074074074,52.30555555555556,47.69444444444444,1038.75,51.43981481481481,48.56018518518518,1038.75,0.8657407407407476,30.0,1.5,False,"[80.0, 240.0]",0.0,0.06018518518518519,1058
4.0,18000,49.083333333333336,0.0,2.2055555555555553,51.288888888888884,48.71111111111111,371.0,31.40555555555555,68.59444444444445,371.0,19.883333333333333,30.0,1.5,False,"[80.0, 240.0]",0.0,0.0,1164
